,name,city
0,Wesley Roth,South Deanna
1,Karen Macias,Lake Garrett
2,Patricia Villegas,West Holly
3,Chad Gonzales,Websterchester
4,Allison Romero,Rhondastad
5,Noah Robinson,Joshuaville
6,Anthony Smith,Woodwardside
7,Daisy Greene,Rachelfort
8,Miguel Andrade,North Jacob
9,Martha Rodriguez,New Derek
10,Sandra Clark,Lake Kaylee
11,Brenda King,Murphyland
12,Ethan Barber,North Brettview
13,Kiara Davis,North Lindseyfort
14,Paul Jenkins,East Edwardview
15,Robert Hernandez,North David
16,Michael Davies,North Josephberg
17,Cynthia Salas,Clementschester
18,Katherine Hoffman,Johnsonville
19,Taylor Parrish,Michaelchester
20,Brittany Fletcher,East Erin
21,Miguel Wade,Port Courtney
22,Justin Clark MD,Port Jacqueline
23,Briana Smith,Lauramouth
24,Renee Diaz,Port William
25,Alexis Schmitt,Lake Ashley
26,James Harper,Morganfurt
27,Michael Johnson,Anthonymouth
28,Shelby Wise,Hannahfort
29,Nancy Dawson,West Jill
30,Christine Tate,Priscillaburgh
31,Jessica Rose,Reginaldstad
32,Seth Hurley,New Scottport
33,Kevin Adams,Lake Coryburgh
34,Kimberly Murphy,West John
35,Melissa Boyer,Dannystad
36,Alexa Williams,Devonburgh
37,Jennifer Smith,Port Crystalborough
38,Kari Cochran,North Jessicaland
39,Carrie Smith,North Wesleystad
40,Brian Fisher,Hollowaymouth
41,Brandon Douglas,East Ashley
42,Miss Chelsea Rodriguez,Juanton
43,Stephen Davis,East Jonathan
44,Meredith Allen,East Lauren
45,Rachel Nelson,Chenbury
46,Robert Mcguire,South Sylvia
47,Pamela Rivera,Tammieport
48,John Torres,Port Elizabeth
49,Ann Mann,Robertton
50,Thomas Coleman,Shelbyland
51,Alan Kelly,Joseview
52,Kyle Price,South Lisa
53,Annette Wood,Leefurt
54,Patricia Marshall,Port Andrea
55,Jeffrey Thomas,North Andrewberg
56,Jennifer Herring,Lyonsfort
57,Christopher Rosario,Port Kevin
58,Christopher Davies,North Johnathanstad
59,Stacy Blackwell,Tabithafurt
60,David Williams,Joshuaberg
61,Jeremiah Blanchard,Port Darrell
62,Madison Stephens,Lawrencechester
63,Karen Myers,Sarafort
64,Anthony Villarreal,Lake Monica
65,Joshua Baker,Jacksonstad
66,Elizabeth Summers,Port Sarah
67,Mrs. Margaret Gamble DVM,Mitchellberg
68,Rebecca Herman,New Nancyfort
69,Beth Walker,East Kaitlynfurt
70,Martin Whitehead,Millerstad
71,Rachel Raymond,South Tammieberg
72,Michael Barrera,New Bobby
73,Gregory White,New Charlesfort
74,Jeremy Benjamin,Martinside
75,Yolanda Owen,Kevinfort
76,Mary Jones,Castrochester
77,Mrs. Diane Johnson,Whiteside
78,Angela White,East Danland
79,Tina Greene,Cooperborough
80,Catherine Perez,Port Gabriela
81,Mike Sims,East Angelabury
82,Thomas Morton,Port Chadville
83,Cindy Taylor,Lake Lisa
84,Amanda Richardson,New Nicholas
85,Kathleen Bolton,Sweeneyfort
86,Mary Ellis,Brianburgh
87,Erik Montoya,West Leslieburgh
88,Ryan Jones,Lake Andrewberg
89,Connor Vargas,Skinnerstad
90,Tyrone Harrell,South Andrew
91,Rebecca Vaughan,East Susan
92,Eric Webb,South Christopher
93,William Mcdonald,Kevinborough
94,Taylor Smith,East Stephanie
95,Jacqueline Davis,Williamview
96,Curtis Gallegos,Williamland
97,Haley Bailey,Lake Thomastown
98,Rachel Craig,Victorville
99,Lee Griffith,New Jason
100,Thomas Chandler,Port Thomas
101,Erik Hill,Ericberg
102,Ricardo Mayer,New Angelafurt
103,Robert Jones,East James
104,Tonya Clark,West Jeffreyberg
105,Bryce Black,Johnfort
106,Charlene Finley,Morseville
107,Steven Hicks,Chandlerstad
108,Katherine Powell,Smithshire
109,Matthew Browning,West Kelly
110,Marcus White,Russellberg
111,David Combs,Williamsland
112,Michael Kim,Davisland
113,Alexandria Johnson,Lake Stephenport
114,Stephanie Lopez,Lake Caitlinchester
115,Bryan Gomez,North Davidtown
116,Michael Robles,South Williammouth
117,Kenneth Ross,Ramirezton
118,Donald Ruiz,West Nathanport
119,Jennifer Hopkins,South David
120,John Nelson,Port Sarah
121,Cory Martinez,Brownview
122,Thomas Ward,Andreaborough
123,Russell Turner,New Jasonport
124,Amanda Hicks,Gregorychester
125,Donald King,Timothyland
126,Caitlin Mora,Lake Jennifer
127,Donna Neal,Greenhaven
128,Daniel Ingram,North Darren
129,Kristen Miller,Port Veronica
130,Brandon Anderson,Mcdonaldmouth
131,Maria Wade,Port Jonathanton
132,Jason Waters,Melissaview
133,Stephanie Townsend,East Julie
134,Gregory Davis,Munozbury
135,Courtney Smith,New Jasonshire
136,Angela Malone,West Timothytown
137,Alicia Jones,Lake Timothychester
138,Shawn Griffin,New Dennisland
139,Darryl Williams,Brownhaven
140,Rose Crawford,Port Matthewshire
141,George Martin,West Maureenton
142,Wendy Fischer,New Christopherfort
143,Timothy Smith,North Traceyton
144,Lisa Copeland DDS,New Christopher
145,Taylor Flores,East Rebeccachester
146,Michael Dunlap,Conleyport
147,Jack Miranda,North Williamburgh
148,Julia Ball,Hamiltonfurt
149,Susan Williams,Joshuaton
150,Diana Fernandez,New Nicole
151,Robert Smith,Lake Sandrahaven
152,Kathleen Young,Joelmouth
153,Tiffany Davidson,South Jacquelineburgh
154,James Hanson,North Sharon
155,Stephen York,Rhondaside
156,Michael Brennan,Port Thomas
157,Gabriel Dominguez,Warnerbury
158,Susan Brown,West Jeremiah
159,Terri Ward,East Andrea
160,Dennis Henderson,Port Rebeccamouth
161,Kimberly Harrison,North Lisa
162,Rachel Rogers,Floresland
163,Leslie Horton,East Mariabury
164,Michael Werner,South Annaton
165,Tony Robles,Jaymouth
166,Charles Gomez,New Meganborough
167,Allison Jones,East John
168,Kim Campos,West Barbaramouth
169,Charlene Cooke,East Amy
170,Brenda Werner,New Thomaschester
171,Amy Schultz,Curtisstad
172,Erin Greene,Scottshire
173,Lisa Martin,Sullivanberg
174,Scott Hall,Davidsonshire
175,Stephanie Brown,East Mathew
176,Susan Fox,Port Kaitlin
177,Toni Hutchinson,Port Mario
178,Alexis Hernandez,Davisland
179,Kevin Fox,North Lauriechester
180,Aaron Nicholson,Johnsonchester
181,Linda Sullivan,Kennethton
182,Olivia Payne,Michaelfurt
183,Jessica Cooper,New Natalieville
184,Samantha Kane,Lake Michelle
185,Christina Mcdaniel,South Amyfurt
186,Joshua Zavala DDS,Brooksshire
187,Alyssa Austin,South Beverlyview
188,James Moreno,North Richard
189,Jodi Carlson,Patrickhaven
190,Stacy Walters,Andersenshire
191,Nancy Johnson,Amandatown
192,Amanda George,West Craigfort
193,Erik Richards,Holmesberg
194,Dr. Taylor Graham,East Ronnie
195,Cheryl Murray,Port William
196,Karen Brown,Padillabury
197,Lauren Velasquez,Kristaport
198,Albert Cantu II,Port Sabrinahaven
199,Timothy Howard,Andrewsshire
200,Kristen Smith,Nathanbury
201,Jaime Shea,South Taylorville
202,Ashley Taylor,Lake Michael
203,Garrett Rodriguez,West Katie
204,Kelsey Montes,New Troystad
205,Amanda Barnes,New Jessica
206,Megan James,Ramirezville
207,Daniel Beck,Rebeccaport
208,Mark Rose,Lauraborough
209,Amber Marquez,East Timothystad
210,Samantha Foster,Hamiltontown
211,Matthew Stevens,South Michael
212,Scott Baker,New Catherine
213,Jane Underwood,Port Edwinville
214,Tina Chapman,Sherrihaven
215,Garrett Kelley,West Colinport
216,Thomas Roberts,Lindseyberg
217,Traci Sullivan,North Tamarabury
218,Amy Mccall,East Brendafurt
219,Jeffrey Thomas,West Christinemouth
220,Russell Silva,North Brandonbury
221,Michael Myers,East Tammyside
222,Kelly Allen,Charlesmouth
223,Daniel Keller,Amyfurt
224,Jesse Collins,Solisfurt
225,Andrew Johnson,New Manuel
226,Jeffrey Cox,Nicoleside
227,Charles Sandoval,East Elizabethchester
228,Heather Snyder,Olsonfurt
229,Teresa Moore,Whitneychester
230,Angela Key,Daniellefort
231,Caitlin Lee,Port Jerry
232,Robert Mills,West Pamela
233,Matthew Bell,Ryanville
234,Jamie Green,Anthonyhaven
235,Louis Atkinson,Lake Sean
236,John Garcia,Port Brittany
237,Amanda Campos DDS,East Lisaland
238,Pamela Stone,North Nathaniel
239,Bryan Hill,Port Marystad
240,Jennifer Rodriguez,Lake Anna
241,Michael Mclaughlin,Kristinside
242,Amanda Ward,West Francisco
243,Joshua Myers,South Mollyville
244,Sarah Robertson,West Robinhaven
245,Eugene Smith,Lake Marissa
246,Gregory Rhodes,South Amy
247,Richard Dennis,East Johnburgh
248,Cynthia Steele,Larsonchester
249,Jeffrey Davis,Griffinmouth
250,Kenneth Escobar,Robertmouth
251,Brian Armstrong,New Cole
252,Marcus Clark,Jeromeborough
253,Christy Cooley,East Robert
254,Jennifer Jackson,Zhangtown
255,Paula Boyd,Paulville
256,Dustin Mcdonald,Leeville
257,Helen Johnson,North Davidton
258,Jaclyn Reese,East Heatherview
259,Jennifer Brown,Lake Marc
260,Monique Chaney,Alyssaberg
261,Mark Hopkins,North Jennifer
262,Nicholas Bass,Kimfort
263,Christopher Lewis,Port Maryfort
264,Bradley Jackson,Port Colinville
265,Jason Sanders,East Samanthafurt
266,Laura Pope,South Craigview
267,Amy Humphrey,Waltersstad
268,Mark Sanchez,Brittanyborough
269,Amanda Reed,Lake Sarahstad
270,Tyler Miles,New Mariaside
271,Stephanie Ball,Harmonton
272,Bradley Morrison,East Briannastad
273,Melinda Washington,Davisborough
274,Zachary Snow,New Douglas
275,Sarah Murphy,South Bryanland
276,Ms. Kim Gutierrez,Port Carmenchester
277,Ms. Alyssa Lang,Monicaville
278,Terry Smith,Johnville
279,Karen Jones,Michaelshire
280,Patrick Baker,East Travis
281,Anthony Rodriguez,Lake Juliastad
282,Donna Higgins,Amyfort
283,Joseph Henry,Dicksonfurt
284,Thomas Pena,Lake Michael
285,Bradley Davidson,West Christinaburgh
286,Joseph Holmes,Lake Elizabeth
287,Brandon Anthony,Johnmouth
288,Alexis Smith,Walterstad
289,Emma Graham,South Guystad
290,Robert Harding,Collierstad
291,Peggy Summers,Dylanside
292,Brendan Myers,Smithton
293,Barbara Stevenson,Lisachester
294,Lisa Johnson,East Shane
295,Jennifer Lynch,New Deanna
296,Sabrina Ortega,Delacruzchester
297,Robert Jackson Jr.,Stevenshaven
298,Jose Rivera,West Robertton
299,Daniel Diaz,New Dawn
300,Brenda Mitchell,Valdezmouth
301,Frank Rodriguez,West Dawnhaven
302,Chad Mcdonald,North Leahburgh
303,Michelle Leach,Stewartside
304,Adam Washington,Javierburgh
305,Tiffany Reilly,Garciaside
306,Ryan Larson,Morganburgh
307,Amanda Davis,East Christopherton
308,Jordan Combs,East Jason
309,Cynthia Wong,Port Stephanieville
310,Sandra Garner,Dustinfort
311,Shannon Mercer,Garciamouth
312,Paul Brown,Lake Nathanielchester
313,Kelly Oneill,Hammondland
314,Sharon Blair,Lake Michaeltown
315,Jeffrey Smith,Lake Richardmouth
316,Karen Grant,Reevesville
317,Christopher Jones,Hartstad
318,Andrew Thompson,East Bethburgh
319,Jessica Jackson,Ericashire
320,Brandon Cooper,Hernandezville
321,Alexandra Horne,New Erika
322,Peter Baldwin,Carrberg
323,Jason Henderson,North Michaelshire
324,Sarah Navarro,Morrisstad
325,Mary Weber,Taylorburgh
326,Marie Grant,Lake Tina
327,Michael Reese,Port Jamie
328,Jerry Castillo,Port Rebeccatown
329,Adam Wood,Kimport
330,Duane Espinoza,Jonmouth
331,Michelle Stevens,East Patrick
332,Donna Dunn,Chambersville
333,Heather Gordon,Waltersbury
334,Jonathan Ramirez,Tuckermouth
335,Sara Jennings,Fosterbury
336,Sarah Gibson,New Jennifer
337,Glenda Rodriguez,Amandafort
338,Zachary Robinson,New Mindy
339,Jennifer Douglas MD,East Scott
340,Cynthia Johnson,Rodriguezhaven
341,Emily Young,North Alyssa
342,Ralph Patterson,Alvaradoview
343,Clifford Clark,Hodgeston
344,Dr. Peter Osborne,New Laura
345,Gregg Berger,North Mary
346,Stephen Brown,New Margaret
347,Michelle West,Kimberlyburgh
348,Michael Herman,West Matthew
349,Emma Clark,Raymondland
350,Mrs. Amanda Fuentes,West Jeremy
351,Jared Butler,Gabrielview
352,Elaine Hernandez,Port Ryan
353,Seth Porter,South Jonathan
354,Laura Mason,Shawnchester
355,Anna Paul,South Chris
356,Morgan Wright,East Stephanietown
357,Jessica Garcia,Erinview
358,Cassandra Peters,Collinsport
359,Amy Lawrence,North Erintown
360,Kevin Grimes,South Kelly
361,Andrew Lam,East Lisa
362,Mrs. Susan Owens DDS,West Charlene
363,Kerri Moran,Lorifurt
364,Nicholas Greene,Cooperhaven
365,Jason Ross,Garnerside
366,Alexa Russell,Harrisville
367,Cesar Robertson,North Randyville
368,Shannon Donovan,North Nicholasstad
369,Kyle Bishop,South Desireeland
370,John Barker,Williamsburgh
371,Jose Spence,Lake Jacobside
372,Laura French,Davisfurt
373,Roy Thompson,Port Williamburgh
374,Anita Ryan,North Andrew
375,Brian Park,New Ryan
376,Anthony Mullen,Crystalville
377,Charles Terry,Jimenezhaven
378,George Roberts,Josephberg
379,Roger Young,New Andre
380,Brittany Cabrera,Ellisshire
381,Austin Smith,South Jessica
382,Connie Miller,West Amandamouth
383,Felicia Hartman,Davismouth
384,Jessica Velez,Port Sean
385,Laurie Hensley,East Stephanieside
386,Cynthia Mckinney,Lake Carolynborough
387,Rebecca Macias,West Samuel
388,Diana Turner,Port Brandonbury
389,Sara Jones,Kerriport
390,James Moss,Griffithhaven
391,Mrs. Kaitlyn Bowman,Millerburgh
392,Julie Smith,Pateltown
393,Frank Adkins,Justinchester
394,Heidi Jimenez,Darintown
395,Jamie Holloway,Morrisonfurt
396,Courtney Jones,Calebtown
397,Timothy Rodriguez,Kendramouth
398,Meagan Krause,Moodyberg
399,Drew Manning,Vincentchester
400,Julie Brock,South Amandafurt
401,Rachel Beck,East Haley
402,Harold Hartman,Michaelberg
403,Martha Smith,Foleytown
404,Tiffany Davis,Christyside
405,Kenneth Smith,Lake Sarah
406,Evan Mayer,Lesliebury
407,Joshua Hayes,East Johnfurt
408,Kyle Ford,Port Nicolefurt
409,Dr. Anita Roberts MD,Josephshire
410,Todd Rodriguez,North Johnny
411,Wayne Mendoza,Melissachester
412,Jeremy Green,Lisachester
413,David Garcia,Wellsborough
414,Thomas Shaw,Davidport
415,Omar Lambert,Lake Dylanview
416,Jacob Anderson,Lake Jennifermouth
417,Tommy Hall,Lake Nicholasmouth
418,Brittany Robinson,South Gregorybury
419,Jillian Keller,Lake Amanda
420,Mike Adams,Port Melissaport
421,Patricia Martinez,Port Jessicashire
422,Kendra Glass,South Josephmouth
423,Cheryl Jacobson,Brandonborough
424,Sheri Garcia,South David
425,Joseph Montgomery,Justinville
426,Pamela Garcia,New Brandy
427,Michael Gardner,South Nicholasstad
428,John Patrick,Edwardfort
429,Darryl Cummings,Fieldsville
430,Jessica Jones,Lake Frank
431,Jordan Robinson,Hancockstad
432,Natalie Hawkins,Curtisburgh
433,Grace Mays,West Jose
434,James Peters,East Lorraine
435,Christina Miller,North Alexanderport
436,Lisa Bowman,Biancahaven
437,James Blake,Port Kevinburgh
438,Sharon Campos,Nataliefurt
439,Robert Ali,Mcfarlandville
440,Vanessa Smith,Jocelynburgh
441,Denise Baker,Blackwellchester
442,Steven Mccann,Brianachester
443,Leah Robinson,Mollyview
444,Harry Gonzalez,West Grace
445,James Morales,Tiffanyburgh
446,Alexandra Lee,Huertaton
447,Michael Irwin,West Rodney
448,Patrick Odonnell,Batesland
449,Jeffrey Larson,Port Josephhaven
450,Colleen Smith,Tarashire
451,Amy Quinn,Lake Markberg
452,Erin Perry,East Michelleburgh
453,Ryan Greene,Michelleview
454,Kathleen Fuentes,Owenstad
455,Sean Montoya,Shawnton
456,Travis Gutierrez,Linport
457,Ronald Pierce,South Robertfort
458,Kathryn Johnson,Greenton
459,Paige Randolph,Lake Mitchellport
460,Lawrence Brooks,South Sarahhaven
461,Amanda Benson,Lake Tammymouth
462,Samantha Gibbs,Brandonbury
463,Kimberly Anderson,Nataliechester
464,Michael Gutierrez,New Tammyside
465,Samuel Moss,New Markside
466,Emma Harris,New Philliptown
467,Jessica Mooney,New Patrickshire
468,Mark Rogers,Lake Lauraside
469,Tammy Ellis,Amymouth
470,Danielle Velasquez,East Josephtown
471,Dakota Rivera,Williamfort
472,Nicholas Johnson,Yvetteborough
473,Heather Reeves,Joannaton
474,William Yoder,West Deborahberg
475,Donald Wilkinson,Osborneberg
476,Adrian Saunders,Ianville
477,Larry Bradley,East Mary
478,Carolyn Pruitt,Bethstad
479,Michael Jones,Juliefurt
480,Joshua Mora,West Ericland
481,Jackson Hoffman,Port Tina
482,David Ortiz,Kristenland
483,Mary Moore,New Jenny
484,Dr. Donna Adams,Stewartfort
485,Miss Kylie Floyd,East Williamfort
486,Lisa Reyes,Caitlynhaven
487,Hector Hamilton,New Vickie
488,Amanda Austin,Carriechester
489,Debra Aguirre,Beckfort
490,John Hill,Mcleanchester
491,Jennifer Rollins,Lake Johnland
492,Alexandra Mccall,Lake Andrewmouth
493,Katie Brady,Stacieburgh
494,Gregory Smith,West Natalie
495,Margaret Jenkins,Spencershire
496,Roberto Hood,Ethanberg
497,Austin Cook,Mirandashire
498,Chase Brewer,Port Danielletown
499,Brandon Cruz,West Carolyn
500,Robert Walker,East Jasonfort
501,Richard Phillips,West David
502,Larry Peters,East Jasminetown
503,Ryan Sanchez,Port Ryanland
504,Aaron Cannon,Johnshire
505,Bradley Collins,Johnsonside
506,Suzanne Choi,Brentview
507,Mary Sullivan,Williamsberg
508,Mary Carr,New Kaitlynview
509,Douglas Nguyen,North Jamesview
510,Craig Valdez,Mccoybury
511,Donna Jackson,Webbmouth
512,Katherine Saunders,Bennettchester
513,James Powers,Port Kylemouth
514,Amanda Watson,Stevenfurt
515,Summer Parks,Port Matthew
516,Shannon King,Lake Samantha
517,Claire Mcgee,Port David
518,Nicole Morgan,West Anthony
519,Nicole Wright,Vanceside
520,Walter Farmer,West Sarah
521,Terry Torres,New Meganstad
522,Amber Reynolds,Nguyenton
523,Angel Carter,Nathanielmouth
524,Samuel Williams,South Carol
525,Pamela Mccoy,Andrewfurt
526,Monica Joyce,Port Maria
527,Derrick Pham,Jessicabury
528,Mr. Daniel Blair,Allenland
529,Amber Perez,Jacobport
530,Joanne Simpson,Janefort
531,Danny Wilcox,West Andrewborough
532,Tanner Ford,Rachelview
533,Jerry Graham,Port Richardtown
534,Christina Green,North Robert
535,Daniel Travis,Deborahberg
536,Justin Cooper,Grimesfurt
537,Kristi Alvarez,Stevenmouth
538,Carlos Frey,West David
539,Joseph Simmons,Ryanton
540,Erin Mccarthy,Martinezmouth
541,Philip James,East Davidberg
542,Paul Daniels,Diazborough
543,Kaylee Lopez,Ortizport
544,Elaine Kelley,New Josephside
545,Tracie Nguyen,New Jocelyn
546,Hannah Perez,New Nathan
547,Robert Myers MD,Richardville
548,Molly James,Lake Lisahaven
549,Michael Lopez,Harrisonport
550,Julie Wilson,Lake Lorimouth
551,Jill Bryant,West Brendaside
552,Paul Moore,South Jessica
553,Aaron Thompson,Harthaven
554,Hannah Allen,Calhounfurt
555,Lisa Marks,Owenmouth
556,Carrie White,Port Nicole
557,Heather Saunders,New Amberberg
558,Pamela Branch,Hollymouth
559,Shannon Rivera,West Lori
560,Jacqueline King,Christianfort
561,Catherine Coleman,West Tiffanymouth
562,Teresa Rhodes,Brennanview
563,Marissa Baker,West Charles
564,Patricia Williams,Melissamouth
565,David Lewis,Alyssamouth
566,Jared Cooke,Port Brianmouth
567,Zachary Stone,Ayalaside
568,Latasha Miles,West Samanthaside
569,Martin Wilson,Burgessmouth
570,Christian Escobar,North Stevenside
571,Ashley Hernandez,Blackville
572,Pamela Stanley,Port Danny
573,Ashley Hooper,Lake Taylorstad
574,Cody Walker,Westberg
575,Ashley Hayes,New Jose
576,Trevor Craig,South Elizabethfort
577,Angela Howard,Port Alyssastad
578,Joseph Patterson,Alecstad
579,Mary Mitchell,Patrickchester
580,David Delgado,Johnside
581,Charles Dickerson,Kimberlymouth
582,Doris Robertson,Samanthaville
583,Erin Alvarez,Robertoton
584,Victoria Lane,Garrettbury
585,Mariah Oconnor,Jenningsmouth
586,Kelly Ali,Port Brendaborough
587,Emily Melendez,Wrighttown
588,Jennifer Gordon,Brooksshire
589,Christopher Pierce,West Ethan
590,Emily Alexander,Hallhaven
591,Damon Brown,Hortonburgh
592,Darlene Edwards,Lindseyview
593,Megan Davis,Port Dwayne
594,Bobby Little,Katherineborough
595,Chloe Bishop,Meyershire
596,Nicholas Gallegos,Johnsontown
597,Ethan Morales,West Jason
598,Brendan Rogers,North Derrickland
599,Kimberly White,Port Lisahaven
600,Dawn Williams,North Susan
601,Terry Carpenter,New Jeffrey
602,William Sullivan,North Tracyside
603,Kelly Maxwell,Jermainestad
604,Patricia Collins,Lake Samuel
605,Catherine Turner,Myersbury
606,Dean Cherry,Davidsonberg
607,Yolanda Garcia,Eduardoshire
608,Ellen Ramirez,Cindyborough
609,Ann Hale,West Jason
610,Sarah Martinez,West Daniel
611,Christopher Davis,Turnerburgh
612,Jason Jones,New Elizabeth
613,Cathy Nichols,Gonzalezport
614,Daniel Smith,Lake Henry
615,Rodney Franklin,West Kristenstad
616,Jennifer Jensen,Traceybury
617,Tyler Smith,West Karenberg
618,Dawn Chang,Tracyborough
619,Patrick Nelson,Lake Erikaland
620,Evelyn Marks,New Karen
621,Shane Rodriguez,Zavalafort
622,Kenneth Wilson,Hoffmanmouth
623,Adrian Johnson,Farmerborough
624,Jason Colon,East Megan
625,Jamie Cox,Port Charlesfurt
626,Tony Williams,North Andrewborough
627,James Anthony,Port Renee
628,Timothy Woods,Kimberlyborough
629,Richard Gilbert,Gabrielport
630,Troy Williams,Shelleyberg
631,Kevin Cole,Brittanyfurt
632,Tonya Holt,Waltersfort
633,Alex Peterson,North Tylerview
634,Tina Velez MD,Samuelmouth
635,Jeffery Garza,New Davidchester
636,Joseph Murphy,East Dan
637,Sarah Maldonado,South Stephanie
638,Mr. Jeffrey Tucker,Danielsville
639,Jeremy Fuentes,North Wanda
640,Jo Harris,West Michaelchester
641,Michael Jones,Myersville
642,Joy Johnson,Vanessabury
643,Barry Nguyen,New Mia
644,Marissa Harris,Bushville
645,Brian Peters,Markberg
646,Amber Cook,Lake William
647,Morgan Wade,Valdezville
648,Mr. Edwin Foster,Amandafort
649,Michael Leach,West Lauren
650,Christopher Munoz,New John
651,Natalie Reeves,Port Heatherhaven
652,Donna Davis,West Meganhaven
653,Kathleen Miller,Marcusport
654,Sandra Anderson,New Chelsea
655,Gary Long,Port Nathan
656,James Snyder,Walkerborough
657,Allison Gallagher,East Josephton
658,Kathleen Yoder,Cummingsstad
659,Matthew Thomas,Obrienton
660,Anna Donovan,North William
661,Kimberly Davis,Lake Tyler
662,Jesse Ortega,Valdezchester
663,Leslie Pierce,Jacksonmouth
664,Dennis Shepard,New Kevinview
665,Melissa Booker,Williamshaven
666,Eric Kim,Coxfort
667,Lauren Jackson,Robertsonton
668,Nicholas Archer,East Michaelborough
669,Jamie Johnson,South Stephanie
670,Victoria Carroll,North Conniefort
671,Melissa Martin,West Rachel
672,Victoria Rogers,Baileyland
673,Bridget Barnes,New Deanna
674,Adrian Delgado,South Dianabury
675,Audrey Robinson,East Maxborough
676,Lacey Garcia,North Deborahland
677,Darius Morgan,Lake David
678,Amanda Tanner,Hernandezberg
679,Robert Fernandez,South Juan
680,John Bentley,Codybury
681,Renee Garrett,Richardsontown
682,Emily Jordan,New Brandi
683,John Baker,Lake Meredith
684,Priscilla Gonzales,South Richard
685,Jennifer Mcdonald,Tranport
686,Joel Callahan,Port Joe
687,Eric Ramos,West Thomasbury
688,Jason Gordon DDS,Schneiderhaven
689,Jocelyn Garcia,Lake Erin
690,Kathleen Paul,Clarkfurt
691,Sheila Roberts,South Martintown
692,Frederick Delgado,Nicholashaven
693,Mary Galvan,Javierton
694,Jose Long,East Kristentown
695,Jessica Sheppard,Port Richard
696,Derek Cooper,North Heather
697,Jeffrey Martinez,Port Christopher
698,Chelsea Rowland,Johnsonmouth
699,Cynthia Williams,East Cheryl
700,Timothy Huerta,Heiditown
701,Christian Garcia,South Alexandria
702,Andrew Barrett,Lake Bianca
703,Kerri Dominguez,East Kathryn
704,Julie Clark,Kellermouth
705,Rebecca Lopez,Mejiashire
706,Kimberly Stanton,Youngfort
707,Maurice Allen,North Eric
708,Joseph Newton,West Lisa
709,Nicole Roberson,North Johntown
710,John Brewer,South Philipmouth
711,Karina Bradley,New Kaylamouth
712,Mikayla Rodriguez,Victorville
713,Jason Cortez,Dennisshire
714,Mary Marshall,Lake Paul
715,Lisa Hill,Lake Christophermouth
716,Katherine Dennis,North Aliciaville
717,Kristen Wright,Williamchester
718,Lisa Murphy,New Ericberg
719,Vernon Vargas,Mcculloughport
720,Melissa Jimenez,North Annport
721,Amber Mills,East Brenda
722,Dawn Bowman,Juliefort
723,Andrew Smith Jr.,East Daniellefort
724,Jimmy Young,Bradleychester
725,Matthew Anderson,West Andrew
726,Megan Thomas,Rothport
727,Brian Murillo,North George
728,Brent Sexton,Matthewton
729,Adam Hunter,Hutchinsonview
730,Linda Escobar,Darrylmouth
731,Christopher Greene,Keithshire
732,Cindy Olson,Port Grant
733,Katie Smith,Garyborough
734,Dakota Strong,Port Charlesshire
735,Sean Burgess,Rebeccaview
736,Anthony Griffith,Thomasview
737,Anita Moody,Jonfurt
738,Robert Leonard,Kennethchester
739,Alex Gilbert,Dariusshire
740,Alexandra Martin,South Mary
741,Barbara Miller,South Michaelbury
742,Jeanette White,Donnaport
743,Michael Brady,Dannychester
744,Paige Davis,New Randall
745,Jessica Sweeney,Lake Alexischester
746,Katie Walker,South Michael
747,Karl Baker,Davidmouth
748,Kevin Anderson,Molinabury
749,Joshua Stokes,Fergusonborough
750,Scott Martinez III,Lake Julie
751,Joshua Kline,Lopezport
752,Amber Prince,Floresfort
753,Lori Taylor,East Peter
754,Angelica Underwood,East Carl
755,John Costa,East Tony
756,Johnny Mcmillan Jr.,Shannonport
757,Lisa Irwin,Parkermouth
758,Joseph Mccarty,Gainesmouth
759,Beverly Tucker,South Andreachester
760,Michael Little,Nelsonside
761,Anthony Mccoy,Smithchester
762,Margaret Morrow MD,Valentineside
763,Philip Atkins,East Marissaside
764,Michelle Ortiz,North Shawnland
765,Stephen Clark,Lake Maryview
766,Melanie Arnold,Kimberlyberg
767,Marissa Ellis,Lake Patrickhaven
768,Sara Fry,South Tylerside
769,Kelly Davis MD,Lake Pamela
770,Douglas Norris,Mclaughlinmouth
771,Tammy Orozco DVM,Lake Courtneyview
772,Alice Hanna,South Emilytown
773,Joshua James,Stevenview
774,Heather Anderson,Donnaberg
775,Patricia Benton,Lake Cindy
776,Samantha Pratt,West Shannonbury
777,Carlos Perez,Lake Robert
778,Bruce Maxwell,East Ninaland
779,Julia Young,Cameronville
780,Jeanne Peterson,East Mallory
781,Travis Hart,North Nicholasview
782,Donald Cox,Lake Donaldmouth
783,William Bell,Bellmouth
784,Jennifer Mathis,Brandonfurt
785,Rebecca Bennett,West Chad
786,Ryan Hardin,Johnsonstad
787,Karen Summers,Rogershaven
788,Preston Summers,Lake Joshua
789,Gregory Wade,East Melindamouth
790,Cynthia Phillips,New Stevenville
791,Henry Warner,Lake Matthewton
792,Lori Smith,Richardfurt
793,Warren Rich,East Rachelstad
794,Matthew Wang,Austinstad
795,Michael Aguilar,West Alexis
796,William Cunningham,East Wendyfort
797,Keith Smith,Allenside
798,Laura Stone,Earlmouth
799,Julie Kim,New Jeffreyberg
800,Sean Rogers,North Benjaminmouth
801,Denise Ford,Scottton
802,Christina Conway,North Alejandratown
803,Amanda Torres,South Carlaview
804,Carrie Hunter,New Michael
805,Curtis Moore,East Richard
806,Mr. Brian Alvarez,Reeveschester
807,Jeremy Blankenship,West Jose
808,Joseph Strickland,Joneston
809,Megan Douglas,Callahanport
810,Lori Smith,Rosschester
811,Jacqueline Garcia,Jonesview
812,Michael Simmons,South Sophia
813,Joseph Smith,Wilsonland
814,Tonya Walters,Lewisville
815,Christina Campos,New Janiceville
816,Sierra Greer,Nancytown
817,Chelsea Jones,Haynesborough
818,Diane Mccullough,New Staceyberg
819,Robert Wilson,Ianside
820,Donald Haley,Lake Lindsey
821,Howard Newman,Ryanside
822,Jasmine Perez,Susanstad
823,James Smith,Barbaraton
824,Victor Sullivan,Port Emilyview
825,Laurie Kelley,Chasestad
826,Mariah Morales,New Michaelshire
827,Jennifer Ross,Randallland
828,Michael Bishop,West Aaronland
829,Kristen Mitchell,North Meghanburgh
830,Kimberly Hartman,Richardburgh
831,Shawn Jones,South Georgeborough
832,Vanessa Guerrero,West Keithton
833,Brandon Ramirez,Robintown
834,Amanda Cook,Port Richard
835,Alexander Garcia,Drakefurt
836,Briana Brown,West Anthonyburgh
837,Jeffrey Flowers,West Jacobside
838,Eric Melton,Keithshire
839,Ricardo Jackson,Barberberg
840,Ronald Maldonado,Barrettview
841,Gregory Morris,South Jenniferville
842,Steven Yu,Mcdonaldchester
843,Ashley Avila,South Jeffrey
844,William Warren,East Fernando
845,Kimberly Martinez,Hopkinsfort
846,Mike Crawford,Lake Gregory
847,Jared Morgan,Mooreburgh
848,Charles Williams,Garyborough
849,Michael Hernandez,Port Charles
850,Phillip Smith,New Josephberg
851,Julie Brown,Port Aaronborough
852,Stephanie Stanley,Herringview
853,Joel Hammond,Lake Jeffery
854,Melissa Jensen,South Jerry
855,Lauren Bartlett,Hubbardmouth
856,Raymond Mann,Hesterport
857,Kara Brown,Cordovaburgh
858,Mrs. Jane Murphy,Dianeshire
859,Brenda Bryant,Fergusonchester
860,Sandra Smith,Reedbury
861,John Bartlett,Campbellburgh
862,Jill Cummings,New Jennifer
863,Billy Pennington,Robertstad
864,Christina Liu,Lake Josephville
865,Eric Jacobson,Winterstown
866,Melissa Robbins,South Carlstad
867,Emily Thompson,North Suzanne
868,Jerry Kennedy,Richardsonburgh
869,Jesse Peters,North Robert
870,Thomas Russo,Valdezshire
871,Caitlin Walter,Suzannechester
872,John Green,Angelashire
873,Jonathan Nunez,West Tabitha
874,Thomas Cabrera,Biancashire
875,Kenneth Douglas,Joshuahaven
876,Charles Miranda,Kennethside
877,Dr. Tammy Hall,New Bethany
878,Danielle Baker,Port Sarah
879,Nicole Robertson,East Richardborough
880,Randy Stewart,New Michael
881,Aaron Cole,Port Deanland
882,David Johnson,North Justin
883,Andrew Arias,West Willie
884,Amanda Jones,South Anthonytown
885,Jasmine Douglas,Mirandaton
886,Amanda Scott,Johnsonbury
887,Adrian Graham,Myersburgh
888,Sarah Gonzalez,West Fernandoport
889,Dr. Thomas Ellis,Lake Isabel
890,George Walker,East Robertburgh
891,James Franklin,East Tonytown
892,Ashley Bennett,Lutzton
893,Christina Hernandez,Wareton
894,Tamara Nguyen,North Jorge
895,Tyler Smith,Melissaberg
896,Samantha Bird,North Christophermouth
897,John Johnson,West Crystal
898,Haley West,East Elizabethport
899,Sean Jones,Ariasfurt
900,Scott Cook,Deckermouth
901,Shannon Kim,Michellebury
902,Darrell Green,Lake Jerry
903,Laurie Kim,Perezstad
904,Shirley Gordon,Millermouth
905,Kimberly Cook,East Scottbury
906,Samuel Lawrence,Smithborough
907,Jason Hernandez,Robertbury
908,Linda Mcgrath,Jameshaven
909,Troy Anderson,South Tracey
910,Patricia Sanchez,Port Douglasland
911,Jack Fletcher,Port Derek
912,Richard Roberts,North Jenniferside
913,Jordan Kelly,New Gary
914,Holly Stewart,Jamesside
915,Vincent Elliott,North Rachel
916,Bob Jimenez,East Barbaraview
917,Mary Hernandez,Kellieville
918,Jeffrey Mcguire,New Dennis
919,Billy Williams,Port Johnville
920,Danielle Norris,Kimfort
921,Shawn Palmer,West Charles
922,Sean Holmes,North Brian
923,Jody Miller,New Nancyhaven
924,Scott Gonzalez,North Adamberg
925,Emily Ramos,Paulaport
926,Lisa Smith,Lake Brendatown
927,Linda Higgins,Loriville
928,Sarah Anderson,New Shawn
929,Brandon Fletcher,West Jennifermouth
930,Megan Hunt,Drakeburgh
931,Anthony Mendoza,Catherinemouth
932,Shannon Griffin,Powellfurt
933,Alexis Smith,Port Marieborough
934,Daniel Jimenez,Margaretland
935,Susan Flores,North James
936,Michael Warren,Nicholaston
937,Sandra Snow,West Edwardbury
938,Bradley Williams,Hamiltonstad
939,Nancy Smith,North Samuel
940,Julia Blair,Charleschester
941,Jenna Mcdowell,Greeneberg
942,Tyler Carter,Cordovastad
943,Amy Tate,Lake Aaron
944,Margaret Wallace,Mallorystad
945,Crystal Richard,East Philip
946,Reginald Gordon,New Susantown
947,Michael Willis,Port Christopherview
948,Darlene Ruiz,West Mirandabury
949,Patricia Simpson,Davidfort
950,Carl Merritt,Andersonmouth
951,Jonathan Crawford,North Jennifer
952,Thomas Deleon,North Michael
953,Steven Wood,Port Timothyton
954,Ashley Phillips,Howardfort
955,Connie Walker,Andersonfurt
956,Richard Riggs,South Annport
957,Steve Frazier,Joestad
958,Eric Sanchez,Johnstontown
959,Gavin Grant,Ortizborough
960,Terry Young,Charlesburgh
961,Anthony Ward,Angelamouth
962,Maria Myers,Bensonview
963,Kelly Woodward,North Alanmouth
964,Molly Martinez,East Kristinatown
965,Brett Klein,Barrburgh
966,Mary Barnes,Parksbury
967,Jesse Powell,Wandaburgh
968,Roy Johnson,Gonzalezside
969,Kristin Edwards,Morganburgh
970,Tina Montes,Turnerton
971,Leah Smith,Stephenberg
972,Taylor Johnson,Michaelmouth
973,Jennifer Jimenez,Palmerburgh
974,Christine Walker,North Kimberlyview
975,Lisa Gibbs,South Lisaside
976,Kerry Clements,South Kaylaton
977,Sharon Cobb,Port Gregory
978,Amber Carter,Donnaside
979,Sharon Rice,Robertfurt
980,Shelby Strickland,Robertborough
981,Ariel Cardenas,Dawsonfurt
982,Juan Gordon,North Samanthashire
983,Suzanne Scott,Robertbury
984,Monica Haney,Lake Ashleyside
985,Nicole Thomas,New Andrewshire
986,Tanya Freeman,West Noah
987,Grant Reyes,East Marcushaven
988,Megan Ellis,South Joel
989,Tina Horton,North Erika
990,Brittany Lewis,Kimberlystad
991,Mark Navarro,East Andrealand
992,Francisco Blackburn,Lake Heatherville
993,Julie Arroyo,Carterland
994,Douglas Holloway,Vanessaville
995,Christopher Patterson,East Jeffrey
996,David King,Morrowberg
997,Joy Johns,New Katelyn
998,Aaron Smith,New Mark
